{"cameraMode":{"drawMode":0,"name":"Shaded","section":"Shading Mode"},"sceneLighting":true,"audioPlay":false,"sceneViewState":{"m_AlwaysRefresh":false,"showFog":true,"showSkybox":true,"showFlares":true,"showImageEffects":true,"showParticleSystems":true,"showVisualEffectGraphs":true,"m_FxEnabled":true},"in2DMode":false,"pivot":{"x":37.62498092651367,"y":12.634690284729004,"z":26.279062271118165},"rotation":{"x":0.5827620029449463,"y":-0.005173166282474995,"z":0.004281927831470966,"w":0.8130150437355042},"size":2.2046995162963869,"orthographic":false}